{
  "attempt_id": "20260518T020529-271060de",
  "harness": "claude",
  "model": "haiku",
  "tokens": 13429,
  "input_tokens": 107,
  "cached_tokens": 1242087,
  "cache_hit_rate": 0.9999138620859543,
  "output_tokens": 13322,
  "cost_usd": 0.24184795
}